{
  "articles": [
    {
      "id": 1,
      "title": "مقاله1",
      "desc": "مجموعه ای از ابزارهای کاربردی سیستم به منظور ثبات، افزابش سرعت، تعمیر و محافظت از کامپیوتر شما می باشد. Glary Utilities به شما اجازه ",
      "image": "http://dl.next1code.ir/images/react/article1.webp",
      "readingTime": 7,
      "category": "مدیریت",
      "writer": "غلام غلامی"
    },
    {
      "id": 2,
      "title": "مقاله2",
      "desc": "مجموعه ای از ابزارهای کاربردی سیستم به منظور ثبات، افزابش سرعت، تعمیر و محافظت از کامپیوتر شما می باشد.افزابش سرعت، تعمیر و محافظت از کامپیوتر شما می باشد",
      "image": "http://dl.next1code.ir/images/react/article2.webp",
      "readingTime": 7,
      "category": "سیستم",
      "writer": "احمد احمدی"
    },
    {
      "id": 3,
      "title": "مقاله3",
      "desc": " از نظر امنیتی اپرا دارای یک محافظ داخلی در مقابل حملات فیشینگ و برنامه‌های موسوم به بدافزار (Malware) است، همچنین دارای توانایی حفظ امنیت ",
      "image": "http://dl.next1code.ir/images/react/article3.webp",
      "readingTime": 2,
      "category": "امنیت",
      "writer": "رضا رضایی"
    },
    {
      "id": 4,
      "title": "مقاله4",
      "desc": "حذف فایل های زائد، کلید های رجیستری نامعتبر و تمامی ردپاهای به جا مانده از وبگردی های شما را می دهد. بوسیله این نرم افزار شما همچنین",
      "image": "http://dl.next1code.ir/images/react/article4.webp",
      "readingTime": 9,
      "category": "نرم افزار",
      "writer": "رویا اخوان"
    },
    {
      "id": 5,
      "title": "مقاله5",
      "desc": "دریافت و ارسال نامه‌های الکترونیکی، مدیریت ارتباطات، گفتگوی برخط آی‌ آرسی، بارگذاری از طریق پروتکل بیت‌ تورنت و خواندن فیدهای وب مورد استفاده قرار می‌گیرد",
      "image": "http://dl.next1code.ir/images/react/article5.webp",
      "readingTime": 10,
      "category": "وب",
      "writer": "مریم راد"
    },
    {
      "id": 6,
      "title": "مقاله6",
      "desc": "پرا برای رایانه‌های شخصی، تلفن‌های همراه و تبلت‌ها به طور رایگان عرضه می‌گردد. اپرا به صورت یک پروژه تحقیقاتی در شرکت تله‌نور، بزرگترین شرکت ارتباطی نروژی، پا به عرصه ",
      "image": "http://dl.next1code.ir/images/react/article6.webp",
      "readingTime": 11,
      "category": "رایانه",
      "writer": "حسن حسنی"
    },
    {
      "id": 7,
      "title": "مقاله7",
      "desc": "جزای اصلی اپرا عبارتند از مرور بر پایه‌ها تب‌ها، امکانات کوچک و بزرگنمایی صفحات، تنوع اشکال نشانگر موس و یک بخش مدیریت بارگذاری یکپارچه‌است.",
      "image": "http://dl.next1code.ir/images/react/article7.webp",
      "readingTime": 22,
      "category": "برنامه ریزی",
      "writer": "صمد صمدی"
    },
    {
      "id": 8,
      "title": "مقاله8",
      "desc": "در مقابل حملات فیشینگ و برنامه‌های موسوم به بدافزار (Malware) است، همچنین دارای توانایی حفظ امنیت در هنگام مرور وبسایت‌ ها و حذف اطلاعات شخصی همچون کوکی است.",
      "image": "http://dl.next1code.ir/images/react/article8.webp",
      "readingTime": 13,
      "category": "کوکی ها",
      "writer": "جلال جبلی"
    }
  ]
}